author_login,commit_date,sha
github-actions[bot],2026-01-15 03:31:52+00:00,444b020ca1804271570f20e0aa26918ad206f5f5
davila7,2026-01-15 01:58:56+00:00,270d0af7def65b8e36b960c20d70e70e98e7808a
github-actions[bot],2026-01-14 03:33:25+00:00,ca759c961021e9aff1d14fa9e5c2d0bb043bbe9e
davila7,2026-01-13 03:57:59+00:00,4322a2278b755fa15b8d16927b1e610d6f40db1f
github-actions[bot],2026-01-13 03:32:26+00:00,8d1ecd770292e3040dcc6ec465d8b9a6608f4a5c
mskayali,2026-01-13 02:43:23+00:00,e74c05e09fed8fccf7c73ce3458b0c3cfeb839a7
github-actions[bot],2026-01-12 03:32:18+00:00,0f6fa465821f11168374ae91670cc8b388cd8d17
github-actions[bot],2026-01-11 03:33:33+00:00,456e5a920daa47a69faf7b18797660e4053e4d26
davila7,2026-01-11 00:56:04+00:00,b4b2039217c891f8f0319f06776d4222fad3d7e1
davila7,2026-01-11 00:03:16+00:00,5ef9804f6a26880a1ccd52579046d0e8f21f54b9
davila7,2026-01-10 23:26:21+00:00,741c3e3dde11d2405194484d77101a333fc1bd0c
davila7,2026-01-10 16:58:45+00:00,9d09401548b7e657a90e9149558bbbe8c24f5ef0
davila7,2026-01-10 16:21:06+00:00,1c714b0e7be0cd40e943faf4de440879cb30be53
github-actions[bot],2026-01-10 03:29:19+00:00,51345f5a233ecd0b7a84a4447cc899802dea19e4
davila7,2026-01-09 23:41:16+00:00,e4c2275bf6d1d0c80c90b800563c827921ccc4a2
davila7,2026-01-09 11:56:20+00:00,77d0f72f88462b6f5d3a0159b0808d2685a6c83f
github-actions[bot],2026-01-09 03:32:34+00:00,1b1c019f6d5d450d5d526be304790aa26e12d081
davila7,2026-01-09 00:48:47+00:00,f5fdfebeb42844a904f35619811cc889d72b5cea
davila7,2026-01-08 19:32:24+00:00,db3670b609eba5228713443671398ad9f1ba5d7f
davila7,2026-01-08 14:24:29+00:00,d9d759e827bf1b0048707ec9136113b0c2b35251
davila7,2026-01-08 14:12:33+00:00,6eb98d96ec612e4e9903d8d9ed20975a090116eb
davila7,2026-01-08 13:41:41+00:00,4b5c071c31d1394abf9c8abc93b7e915b1c562df
davila7,2026-01-08 04:46:14+00:00,ad93467b4da300ee7f039f173b2c64078a888016
davila7,2026-01-08 04:16:56+00:00,b289c87fca3fa647f9affbfc5fb060027f75d535
github-actions[bot],2026-01-08 03:31:36+00:00,0fd8c6e5ff61dffcf2efa72c647de3dd3d57b969
odoldotol,2026-01-07 18:32:07+00:00,c73206a473051ec0b00fc962a5643201670523b0
github-actions[bot],2026-01-07 03:30:19+00:00,24ddf09e3af71d580271df63294bf59af4bcf7b6
davila7,2026-01-06 17:14:10+00:00,cfee57072b1d4501f68df9203bfaeb264a6660f7
davila7,2026-01-06 13:31:32+00:00,9c4b381e332975a0223000c6bb6563b11038f8de
github-actions[bot],2026-01-06 03:30:54+00:00,fe59949767afcf44b0c5907993f124713c53818b
github-actions[bot],2026-01-05 03:34:44+00:00,cf8b391534015a02876947c1f60e2fa5de168d81
github-actions[bot],2026-01-04 03:32:27+00:00,2faef37bbf77157bc9761b7dfd4f63505280480d
davila7,2026-01-03 22:34:04+00:00,30888178af25183dbc612c1a1b0fd2d61a1e8cb6
davila7,2026-01-03 22:31:01+00:00,6154a5d455e1164887a01511bb9b70a4ab0c82a9
davila7,2026-01-03 22:27:14+00:00,7de42f1dd87321ae7220ed88a1d6834d5e981f3f
davila7,2026-01-03 22:24:32+00:00,5cd0bc19397b2046ef21bbe7ad25a5e4bcd07419
github-actions[bot],2026-01-03 03:29:56+00:00,219e5ba6d371a5040a31aff8c55f5f040baae657
github-actions[bot],2026-01-02 03:32:04+00:00,9f5fa665e2044e9218774c5a2ceb834852d757f0
davila7,2026-01-01 22:35:23+00:00,b30fd00da4fbd92a29e391d0b404db7e3d4d13b5
davila7,2026-01-01 22:07:31+00:00,9101f4c1950403ef6479a1a9aee27b7c06d18c59
davila7,2026-01-01 20:38:31+00:00,fdd195800d323b9bfff4c7eaa666c0bda07c0ead
davila7,2026-01-01 19:48:00+00:00,3d17997e02fcb09bdf1c917f4890028042559e52
davila7,2026-01-01 19:43:48+00:00,eff9140caec688294c0f3c2387e3570261827898
davila7,2026-01-01 19:39:15+00:00,e85bfd3b4f722a123933a5e2ecf0d24f8a3bcf01
weaverspencer-arch,2026-01-01 03:31:35+00:00,4662b2250d653e324966990ad0846923e2f8c47d
davila7,2026-01-01 03:11:50+00:00,c1cf14d2c2557239c840805333d265e236a4364b
davila7,2026-01-01 02:59:27+00:00,1ccf692c08df758ed011150f691857adfc317c0a
davila7,2026-01-01 02:56:05+00:00,cc4f2ab5f9e9aa839541c2bf0b8e80ebca05db1e
odoldotol,2026-01-01 01:58:50+00:00,983666a76970953c4557f2b1133142d9554075df
Barba2k2,2026-01-01 01:57:25+00:00,f57263b2b63a72a8cfd53f8280da70129a600750
weaverspencer-arch,2026-01-01 01:56:55+00:00,fa2dde3cf7db1c32b7da9da37899e6811d104a50
SeanZoR,2025-12-31 17:23:25+00:00,bfc51fb7353e3158f87a5b2468e5e45ec4269861
github-actions[bot],2025-12-31 03:31:47+00:00,946955382a04d1db73dfcb16c23168b0686e2410
davila7,2025-12-30 17:37:37+00:00,c9ac113e95f86e514befb45081653e386b6ded58
davila7,2025-12-30 05:05:50+00:00,09c72b6d46c6327fbeca24628bbe3f07a7af1bdb
github-actions[bot],2025-12-30 03:35:41+00:00,831d8f708968a2a56f0aa0fa01b2bcf87a8439e0
davila7,2025-12-30 03:19:22+00:00,adb9b5e8f22eb416f5d65abbbcd2141175ffb276
davila7,2025-12-30 03:02:47+00:00,881d274cdb2602db9267cd7d91ec577bc74f5ee3
davila7,2025-12-30 03:02:39+00:00,3574e36de00e0da003e1ce31ad3abfeed8035a50
davila7,2025-12-30 02:56:52+00:00,285f81bfe2dd6f9516fa84c10bc899d37a5f5679
davila7,2025-12-30 02:56:41+00:00,d2f604e7abb37477f4cc8ff89a1266d09eba27a2
davila7,2025-12-30 02:50:49+00:00,72e50cb215850da06e05f3c25e41d62da721d2bc
davila7,2025-12-30 02:50:21+00:00,fd20e9d6630be7a340b3973de1dd070161f513d4
davila7,2025-12-30 02:06:41+00:00,fb18b698f5dcaba71f8164a8bc9965072558df2a
davila7,2025-12-30 01:18:48+00:00,01f1ce959f6a34d46efcb14a4a1b5e330dbe7b3e
davila7,2025-12-30 01:10:06+00:00,218342d9a74979f4e728b0419a26b85a975168ba
davila7,2025-12-29 15:32:33+00:00,d8987f90e446257eef14f2223bc3e9d020ca4125
davila7,2025-12-29 01:57:40+00:00,a89c8214a9c7d104caab6cd24ebc54818e35307d
davila7,2025-12-29 01:53:29+00:00,e69f7ce0db47e422cab0c5d24cdb97db81e10db3
davila7,2025-12-29 01:53:17+00:00,c5eb96286aede8040cb33d8f4fd8ec6991baf9e8
davila7,2025-12-29 01:52:45+00:00,92715d655f72859f12d4de098e4d621605f6dd9a
davila7,2025-12-29 01:52:34+00:00,ad613458945757ddf0c971f724f83b9979290d03
davila7,2025-12-29 01:52:24+00:00,7c45c387b38b01910efec012c2ecf3eb27109408
davila7,2025-12-29 01:49:31+00:00,d56c68d0d5b596d4763bb8e65d1776d622211b05
github-actions[bot],2025-12-29 03:37:42+00:00,505af789feb175f5794289791f9dc65f22dcc55f
github-actions[bot],2025-12-28 03:33:53+00:00,eff11106efa7e1b9764ce66d7eaad8c57eae9511
github-actions[bot],2025-12-27 03:31:39+00:00,a98bab6ff39c7160a267888c87273cd53166cbf1
github-actions[bot],2025-12-26 03:33:53+00:00,f479d265068b779551664769027ee5c2db4029eb
github-actions[bot],2025-12-25 03:34:35+00:00,97fb5412d000881685bb3bb59ad656d59bdfa1cd
github-actions[bot],2025-12-24 03:31:10+00:00,2b1664c2e9a4227d714488e2269eb71faec8ff67
github-actions[bot],2025-12-23 03:34:33+00:00,ec7a6dfb0b1b2959c5cc725277be15d108c1a60a
github-actions[bot],2025-12-22 03:34:51+00:00,18441406bbde12ca911c4a37797fd1147897f6df
github-actions[bot],2025-12-21 03:35:01+00:00,c6bad681ba727bd46fb93b00c65fd095586a3c92
davila7,2025-12-20 21:25:37+00:00,1a92c41eaadeab3b4a8da3e2acd0cf711de51c46
davila7,2025-12-20 21:25:18+00:00,6866f91f108c1c1331abf5dcce9d3edd8d85b55c
davila7,2025-12-20 21:13:50+00:00,2fe0cfa568ebeafa363f39db7567d0d6a99aee85
mayeu20,2025-12-20 19:31:11+00:00,1e995bf95d136c37b2379916a24aa86add7faad6
Ray0907,2025-12-20 19:23:50+00:00,949615ace82869bf69e4dcb89cdae30c69e5bd1d
Ray0907,2025-12-20 19:18:40+00:00,4f6974ebe9e32ec27ac3d663ce34c73e123ff974
moritzschmitz-oviva,2025-12-20 19:11:46+00:00,9400cc1fb93ef2cee3128a46e192dba42604f159
github-actions[bot],2025-12-20 03:27:32+00:00,f5271a4a4c790540f71d3762e07565b493157802
davila7,2025-12-20 02:14:16+00:00,af0b99278d2f8b705bdf700f19c3125c05de7ede
davila7,2025-12-20 01:48:35+00:00,0f4666f63133639024c4811cbfdc21ed1fcb345e
github-actions[bot],2025-12-19 03:33:45+00:00,734b8a50cc2cf55222643e32a3b205483e244747
github-actions[bot],2025-12-18 03:31:41+00:00,487a00e4c06f8a34de3a8c722c0af06343b9a122
github-actions[bot],2025-12-17 03:30:58+00:00,dd327743be574170e16c76ab89863e955a746792
github-actions[bot],2025-12-16 03:32:46+00:00,922f0ebf84d38bd9c308b9c62494d79f1110755d
github-actions[bot],2025-12-15 03:33:39+00:00,c425781fac464cd9e15e9467f06632a4a01fa9ef
github-actions[bot],2025-12-14 03:33:33+00:00,3e21dd45ac97ee61266d53e5ec45084e2a1be620
github-actions[bot],2025-12-13 03:27:21+00:00,54690f936a9dd500fdde75c94d7fa1ddc6ea9edb
github-actions[bot],2025-12-12 03:32:01+00:00,6ca928eb6cd4f9f527857797cab159a5fa6b1e8d
github-actions[bot],2025-12-11 03:31:36+00:00,ba993922988b2413bf69cf5c3ce0e8882e27d5af
github-actions[bot],2025-12-10 03:31:08+00:00,f3b6500f8eeec9abf9e9f89e63f196a5c7ba6163
github-actions[bot],2025-12-09 03:29:17+00:00,286bac73ce18026beb31bcfe9880364fd7e61112
github-actions[bot],2025-12-08 03:31:44+00:00,b070a2edc56cc167118abc9fa773e4476777ac4b
github-actions[bot],2025-12-07 03:31:44+00:00,8f8a0fb515855617d12e0f435fb5844e416b5611
github-actions[bot],2025-12-06 03:23:31+00:00,389fe2b3075fea35eaa28fcb8903bbe5a652f91d
davila7,2025-12-05 20:21:09+00:00,c4361466e645a58f1dceac1145f8972d9d0aecb4
davila7,2025-12-05 20:17:46+00:00,4e37ba47fa87949301265b63029d02e9cf6bd0fe
davila7,2025-12-05 16:59:06+00:00,d7cad4d40a88ee3667a57ee8d8b90e993f103fb1
davila7,2025-12-05 16:34:55+00:00,377b983e317059f18da0a3e3583c8fe75c919f8e
github-actions[bot],2025-12-05 03:29:11+00:00,9b586e27085402538aacac61becafdf9f230c44b
github-actions[bot],2025-12-04 03:29:29+00:00,4f8fd5dcb808cfa5aadf52bc66ab8844f431972e
davila7,2025-12-03 04:04:20+00:00,160c7d8eeb81296eb2ceb44ea857704c49149289
github-actions[bot],2025-12-03 03:27:32+00:00,345547f274fbb965370afe3d9cfaf35a9abfbbcd
davila7,2025-12-02 23:21:15+00:00,30006b918f009960740e0a3b7fdc2b7ca901bffd
davila7,2025-12-02 23:15:55+00:00,bfd0ad5d7ee8f58c46a3448a46c370a79de8d691
davila7,2025-12-02 23:15:23+00:00,613343bbaf90ce532394d814d10061a662bda008
github-actions[bot],2025-12-02 03:28:19+00:00,81ab656825ecfc988191c8df0acb69cf62b207b6
github-actions[bot],2025-12-01 03:32:05+00:00,8d3b85897f3db2f84ccb954bf08b2a1c2a5be9bd
github-actions[bot],2025-11-30 03:30:59+00:00,85566703664d31d9cd33c1498c0618f8752f35b9
github-actions[bot],2025-11-29 03:23:30+00:00,ed92f779ef57af31383f5fe14ee8dcbfceb44724
github-actions[bot],2025-11-28 03:22:58+00:00,f545b973dd7c3e38eb8bce0ca1887b1a174a2a62
github-actions[bot],2025-11-27 03:23:09+00:00,8a3168fcb719e2008b874a337c027e54a52f7ed1
cevian,2025-11-26 15:17:44+00:00,a022abd27c54522638b249c0752d3ab3c8494cb0
github-actions[bot],2025-11-26 03:24:28+00:00,845618ae27a4878f691b7bb881ddb081dc03bcbe
github-actions[bot],2025-11-25 03:25:46+00:00,8df27a0c1559b2f5facf7372cff6f25ecab2d479
github-actions[bot],2025-11-24 03:30:09+00:00,e1e1078b5f952b48ee112c1b18d37b2536f66425
github-actions[bot],2025-11-23 03:31:42+00:00,979b427d142e47377d40eb0fd329419856c1c5c2
AlexBoudreaux,2025-11-23 02:26:09+00:00,0f7c4f7597d10cc3152f50252b4f738401bd6948
github-actions[bot],2025-11-22 03:19:07+00:00,95bc13a864323d9dbf3a7b2ee76fb29c2e76d334
github-actions[bot],2025-11-21 03:22:07+00:00,f399345fef34a64d6d01a5740625fa0bd971c031
github-actions[bot],2025-11-20 03:22:44+00:00,ae9e59c702ae052b06fc3f1b090ffa800357d79f
github-actions[bot],2025-11-19 03:22:37+00:00,6bf376394d5382ac704e0be17919184292dfe9da
github-actions[bot],2025-11-18 03:23:45+00:00,f36cae9047192d80654d5af4bff4d561358d5cdd
github-actions[bot],2025-11-17 03:25:50+00:00,80a05ed39657604b25502481eef5c3ee38d75b6a
github-actions[bot],2025-11-16 03:26:26+00:00,53fa7f68a6a0e9d617718e9b36385f850816ca61
davila7,2025-11-15 20:40:19+00:00,b69e56ae20bd76483193c5d96af00b71ea9d2d3d
davila7,2025-11-15 16:21:48+00:00,e3d3c0ed819f8227ea7c49b42e62dc9640e5b2b4
davila7,2025-11-15 16:21:15+00:00,3f65d4237374fb59841662f4ee11c2c85eb2385b
davila7,2025-11-15 16:13:42+00:00,1539290b112d4b965d11ffa11cb91213d720e05d
davila7,2025-11-15 16:12:53+00:00,51db491ceb144a08320b92de9ea48c6855cb7b1f
davila7,2025-11-15 15:30:23+00:00,4ab8925ca0dafc0080fc38afcd3dd2d5f3b6906f
davila7,2025-11-15 15:29:46+00:00,e071afb3177d6762774c115a4eb833ac764b08a9
Higangssh,2025-11-15 14:41:25+00:00,edb5bbe64f9408f10a223d63c96149b9e7ab92b5
shreyas-shinde,2025-11-15 14:11:03+00:00,b98755f110d6f78821bf2cbc417ba9dfcba1e7a7
github-actions[bot],2025-11-15 03:19:35+00:00,43f37d300b2ae82e6956c32e1978786c03382145
davila7,2025-11-14 16:15:46+00:00,8ae3a109e1c60a50c510dce5a4eea49f5b1db44b
github-actions[bot],2025-11-14 03:23:24+00:00,17ed29857af21a15fb0ed25d0e4f322e2c4b2ef6
github-actions[bot],2025-11-13 03:23:59+00:00,30d03e8cf6bae0b6912a72d361ce92eacbb4de0e
github-actions[bot],2025-11-12 03:22:58+00:00,22b56114621d01123fda01d1c38ab0962eca8886
github-actions[bot],2025-11-11 03:23:30+00:00,46c0a0745960e94e1c1b52c10ee1234d5fa49310
github-actions[bot],2025-11-10 03:26:47+00:00,40cd2c9ec03af022d4629c3a74b242b01f8ddf48
Panolof,2025-11-09 17:20:27+00:00,9025e321fdee38d859170fad9d80c0040deee57e
github-actions[bot],2025-11-09 03:22:43+00:00,565b18b5b9d96097b946d02c5867fca3aa83d7ad
github-actions[bot],2025-11-08 03:17:54+00:00,eab07ad379ffab836c5619aaf32212df2a778280
github-actions[bot],2025-11-07 03:21:48+00:00,ef28690facbd1b504af40ded832824ce847d174d
github-actions[bot],2025-11-06 03:23:47+00:00,807e42317f0859ae427a17a7fbca37e741b73f79
davila7,2025-11-06 01:47:54+00:00,1c735e40473fa8985dce2a5fb94113e522605336
davila7,2025-11-06 01:47:27+00:00,27a0e1adaeca828bf19082c24567ab1131c8b06c
github-actions[bot],2025-11-05 03:21:54+00:00,c7e388fc795bb36dc792650abd23c78b557fe433
github-actions[bot],2025-11-04 22:13:10+00:00,cd094e016d04fa12a8293ccf192dc1dbd0d876e8
davila7,2025-11-04 21:56:48+00:00,8d59f5ea87b3628e8d031f1f63223e591388be66
davila7,2025-11-04 21:53:49+00:00,9099288441337d2576119ba24067279d9dab3fa1
davila7,2025-11-04 17:02:06+00:00,02c946fbac1d82ba87d76c16d7403d9a02029f4a
davila7,2025-11-02 21:34:49+00:00,92e2d1184d3a5e10394c0c9fd2839e917607b896
davila7,2025-11-01 19:21:28+00:00,7cb214e083c02e22df5fdb7c17479236c81bce28
davila7,2025-11-01 18:22:13+00:00,598aac0e6b743800be99d8e9c058f786a19df483
davila7,2025-11-01 18:11:23+00:00,4cc03122b9dab1359e0746ad2ee94bb3295d433a
davila7,2025-10-31 20:03:01+00:00,4c8a8383aebf5d8d74d4aa68ce36b7b326e946a1
davila7,2025-10-31 20:02:35+00:00,f1fb361e4d5a4208cb26b683a23b2adf0f1b356b
davila7,2025-10-31 19:54:03+00:00,6a2322a6972277bae18643386d31a1c1372d4447
davila7,2025-10-31 19:46:09+00:00,1b831afe95324fee5100cdaa20cc48b273b205ab
davila7,2025-10-31 19:44:14+00:00,03efc6752abca1f15e63ee1d8ac9c06123af4e57
luqmanbello,2025-10-30 21:24:40+00:00,562773ca08fe3df84ff0008ee6e30c8cf5467357
davila7,2025-10-30 18:48:37+00:00,d26911a7589b4554d42753b83473eae1ef6c1b04
davila7,2025-10-30 18:36:33+00:00,f49b05d8fc364e8cc976d18c8f43b20d76d9f977
davila7,2025-10-30 18:35:59+00:00,be432a166191f00b36d8daac55057cb2057d80d5
davila7,2025-10-30 18:32:10+00:00,482772b2bf5eb69723474a9a2e5883b6e2db5c18
davila7,2025-10-29 15:17:20+00:00,a7385cddf52317f1c2711d83a2a304025a4b8521
davila7,2025-10-29 15:00:28+00:00,cb890faecf549a2e16cd15a2d1e3feebd389de91
davila7,2025-10-29 00:05:04+00:00,789bb2d81d2c171d9dcb1fcbe693219a6b2958c1
davila7,2025-10-28 16:22:34+00:00,8b25e9499862aba33a6e5878e016c12339ce5ba7
davila7,2025-10-28 16:20:08+00:00,69079cb0378543dda01c8b744342b032760b6760
davila7,2025-10-28 16:05:59+00:00,69d26b9cc7ba9d01b16a7db1930d2c18575b0d58
davila7,2025-10-28 15:50:26+00:00,60dfab2260f11375003860c551bb3d251c8cddd7
davila7,2025-10-28 12:01:47+00:00,8234194ce3f1df4b3e5e6acea732a7c72570eda1
davila7,2025-10-28 11:57:05+00:00,f8812b6331bc81953fdb3b9f3ccfb9326f70e48b
davila7,2025-10-28 11:54:12+00:00,65fa873c2e8184366faf7ef3f86f0c629fb7e177
davila7,2025-10-28 11:50:08+00:00,db095849e9f0491f808fddaef0d0b9cdb0a8364c
davila7,2025-10-28 11:48:07+00:00,c95a9e214a1f487690e28aad048d6a1f95219698
davila7,2025-10-28 11:39:10+00:00,b572cb14dbfdb4911e67bb450a29c9836a5cb8ad
davila7,2025-10-28 09:17:25+00:00,eef6c5dfb653f9d1cc8631addb0e6c05ca852710
davila7,2025-10-27 20:45:10+00:00,4087d5505c2a17efd23153dfd373027350edba8d
davila7,2025-10-27 20:42:43+00:00,b9c515105e64a153f5d523a53f9ee59a4c6ac65a
davila7,2025-10-27 20:36:42+00:00,ee32f94540ea1ce46f87029468507486bfd26079
davila7,2025-10-27 19:42:15+00:00,65156dda847b639de60bb66c3705ed9bf218ee4c
davila7,2025-10-27 13:19:58+00:00,072197cbde4ee8b434c87d9d777e08dd535f0058
davila7,2025-10-26 16:14:07+00:00,0dad0cf0b3b6658b8efa81c895befddb497af795
davila7,2025-10-26 15:48:33+00:00,936101a70ce86b3f5dd1327d59c07d40e2ae441c
davila7,2025-10-25 17:30:30+00:00,7e85dffd111b31698c636631cda5d84a0e228633
davila7,2025-10-24 21:05:21+00:00,8b788dfc9a45f66bb2d4bb49f4e591a1dca9a408
davila7,2025-10-24 15:42:44+00:00,576bcc1c004be049ad7b000af4db12ea1d197ea3
davila7,2025-10-23 21:57:14+00:00,5af0b5b957e6d7e027e5152e2cd3f8d99ca16aa9
davila7,2025-10-23 21:50:35+00:00,22a3f99e4d8944aa1f4d2bd56c14171eeba85392
davila7,2025-10-23 19:19:19+00:00,a467d114e17de7eca18846afa096694f60d6d71b
davila7,2025-10-23 19:18:20+00:00,449f68acc1c43522aff923415b230af4988c6f54
davila7,2025-10-22 22:58:16+00:00,404bbfe538df9d0e624902fd574a4b0fd0043239
davila7,2025-10-22 22:55:52+00:00,f3242ea11c135e41541825613e79a3fae8e309e8
davila7,2025-10-22 22:55:12+00:00,eef88f88a443f69a62e8a10ce66aba665e660221
davila7,2025-10-22 22:48:25+00:00,b0822549a1ecfce872d707d2935020d848c213c3
davila7,2025-10-21 18:42:40+00:00,9fda1f8a98ff99d468db29f8e3c1ed4756c459df
davila7,2025-10-21 14:08:58+00:00,054c0e56e9bf375a0498337a2445ccdc8bef8e17
davila7,2025-10-20 23:46:26+00:00,43c9d86a85e659c7406f951e68ec74f219919966
davila7,2025-10-20 23:44:32+00:00,0d73e0b49814b040e0fbb681cfeb8f9d160fe1f8
davila7,2025-10-20 23:36:24+00:00,dbdea302a569b4b0ad6ceb5f3727218094bb9925
davila7,2025-10-20 23:28:57+00:00,95779b9f2485c02819da140c68548aec5063f8c3
davila7,2025-10-20 23:26:13+00:00,ffd866a6cfc739b118ac6a78c4436b7c7ce8a2e3
davila7,2025-10-20 23:23:24+00:00,4c0056f0e80399f1fa9fe5d6e36964db9592093f
davila7,2025-10-20 22:38:57+00:00,9d6c10fce085c021dcb7f5a2621c036cd900cc1e
davila7,2025-10-20 22:36:17+00:00,9b2df6772bd1722deec617e470f0f9f2fbc05694
davila7,2025-10-20 22:31:07+00:00,228f7b2b7aaf41a4c8613676f14988f6318b9c61
davila7,2025-10-20 21:55:22+00:00,3fa7ed13d4d15cb44d766eb671ffb3c54c8861cf
davila7,2025-10-20 21:53:12+00:00,d24a9902ff3b9a88e5c18e0b3891f2227069a40a
davila7,2025-10-20 21:45:08+00:00,82ba6e2d04b72e3f4071a0f558aa5408c137a2c3
davila7,2025-10-20 21:44:57+00:00,78800734731700dcb42a8fd784ec84ef6bddcc77
davila7,2025-10-20 21:40:14+00:00,28d62298020d29e788414c23b12abfdb85214efa
davila7,2025-10-20 17:21:17+00:00,669cd6ed4410f0999df91e192e2b6eb3ea25ef00
davila7,2025-10-20 13:44:05+00:00,40e5f66f85cbe74ffe573ee7faa39f6f0769c9cb
davila7,2025-10-19 23:37:05+00:00,27992025793b9f95892e2f88cb2f6b8b1511ab56
davila7,2025-10-18 00:27:45+00:00,74578b49ea3b955e396838a482e614f0441240a2
davila7,2025-10-18 00:26:31+00:00,1aa6d8b324e54bae52c969004cbb541ca5f54e77
davila7,2025-10-18 00:26:28+00:00,3f874a12c0d5dcfdca99f6d9585f1fe0c79b6cb7
davila7,2025-10-17 22:39:07+00:00,4a122dc1ae8ed145943036e79d811b898725026f
davila7,2025-10-17 22:29:19+00:00,8ea8212e497372633e648561942e5aceeeb7f8b2
davila7,2025-10-17 22:11:31+00:00,fc5ff71637ff573ceb8af3776f0b036119f5ad58
davila7,2025-10-17 22:04:34+00:00,62c0fdc75fa08446216cc8ad776f84321035b24e
davila7,2025-10-17 21:46:12+00:00,89a8a6aa8f9b21e86b30a717db3fd7a87373c75f
davila7,2025-10-17 21:27:34+00:00,d6b27f48d67346e7e9848a3e95ae23b7b770f514
davila7,2025-10-17 18:06:45+00:00,4e92c7abf6b391bd8e36ac4e88853ac797a1271d
davila7,2025-10-16 19:34:11+00:00,5cba740ddeec7cd6ca1c4fca2267af1ed1a15e13
davila7,2025-10-15 19:05:14+00:00,43dd5f9320d56823cf859eca71ed8769b9e69723
davila7,2025-10-15 18:58:22+00:00,ad8753272d4336f55aca0c0a193ea3276c3216ea
davila7,2025-10-14 19:15:53+00:00,9168edbff62016cab625a2dce557f6981e5de288
davila7,2025-10-14 17:34:59+00:00,2d090008b43e697b9195ee60d3f41da77b0e4d02
davila7,2025-10-14 17:32:15+00:00,199a17529cf2016f7864498885cf43351b345b90
Higangssh,2025-10-14 17:22:24+00:00,6bd3eff704ed5261b3c3039fc5480c70e3b3bca5
davila7,2025-10-13 23:51:52+00:00,47105d565736b056c495e3ffe8ec532d9a214973
davila7,2025-10-13 19:10:15+00:00,a806094e8d21ce71482bc63bc54bb0f131161144
davila7,2025-10-13 19:08:41+00:00,827cd9af6ff50f30a4f15ffb739b1d47df54145a
davila7,2025-10-13 19:08:25+00:00,74fb40f7580f5e781aa050b5c8fd14da4fa8e3f9
davila7,2025-10-12 13:50:49+00:00,2f78c335e8953cb9aef5dbf4df4a4dd8ae08f66e
davila7,2025-10-12 13:41:58+00:00,073697f945b89947d6f4645902e865e3b2de73ea
davila7,2025-10-10 19:44:47+00:00,d6dbf76a9488815cb4300e58a23f5c771fc777db
davila7,2025-10-10 19:44:09+00:00,90eb8a23e01c597cc6c8c2923f93de82e382b050
KingsleyKelly,2025-10-10 19:43:01+00:00,c7169a1d8209edea003095ed4151ab07b6a14dea
ChaitanyaDhawan,2025-10-10 19:35:00+00:00,76d11f2c0959c799c4398d27c9fc9aea6f609119
davila7,2025-10-10 18:02:30+00:00,94df680345922781de4c9408e25c1da182de29a7
davila7,2025-10-10 17:09:21+00:00,c312e84800c5598763d903875280b1ed8edb5041
davila7,2025-10-10 17:01:39+00:00,59d3d51b6e1af05138f6e60f050066cd577f71cb
davila7,2025-10-10 17:00:06+00:00,a91cdb73790371c3e8f4707baf89b99c57b963d4
davila7,2025-10-09 17:07:09+00:00,c4ad408b77a73fd6c53eb5a3750bbce8e76184a4
davila7,2025-10-09 16:20:52+00:00,1498e0f0a04c64647303c6d80d12364733768b7f
davila7,2025-10-09 16:06:58+00:00,f5a1f35e485ef892d596b48247819d085b767b70
davila7,2025-10-09 01:27:53+00:00,40dffb21a0f5ddb7a83efd449455c34de0fb6244
davila7,2025-10-09 01:25:56+00:00,01eb0d9e98916953fab398c29c2ca6cc2dcbf4cd
davila7,2025-10-09 01:18:40+00:00,9c7904e99cbc804bec7561832732dd6eee29d4fc
EronWright,2025-10-08 17:15:15+00:00,29827ea03d7cefd6173f3cbe0f31b66aa8d543a6
kyeongjun1007,2025-10-08 16:52:23+00:00,f46907d6258d3dff1574f109e5bd176719f2e21f
ryu-qqq,2025-10-08 16:50:05+00:00,9639985e7caffaf2538b4eb5ffadf164988e9f32
davila7,2025-10-08 12:46:37+00:00,4775ac5c6cd234bcedd328bef8adeac70a78f992
davila7,2025-10-07 21:25:08+00:00,dafa27adebd7606d53fbfa9ca5a012524879373c
davila7,2025-10-07 21:17:50+00:00,4fde0cf6e528f5add5243293831a6c74d308245b
davila7,2025-10-07 21:15:06+00:00,8ee17bda8ee351b9e0aea1f2002444c23636e4cb
davila7,2025-10-02 00:03:52+00:00,5234cf7d9d81e8f2eb1ad4d84e8dc80cf9031129
davila7,2025-10-02 00:03:19+00:00,8d87552aa26b9025aaf01f1e4ef5195db0c5da32
davila7,2025-10-02 00:03:09+00:00,0adbaa359309ae68d2b56887b6b38ee38fc0e6c6
davila7,2025-10-02 00:02:50+00:00,f2cdcba204b29cd9a63bcc7d3d330f2e26ed6d93
davila7,2025-10-02 00:02:48+00:00,e5f7d8dcebb2c903724002c4c6e9556b526d6759
davila7,2025-10-02 00:02:20+00:00,92fdaa1f87b45cfc7b881f03ee69d2bad27b09d3
davila7,2025-10-01 23:47:56+00:00,7b320aa3713f37c2a84a325ed904493747459280
davila7,2025-10-01 23:45:59+00:00,5ce27ad38ccc94d89f95fe25ff9902c316fe786a
davila7,2025-10-01 23:41:51+00:00,a042fdd70e7bd8f2996a23c89d2050e30f3e695d
davila7,2025-10-01 19:15:43+00:00,fe79e890242a0a27ea67473883f0613d0cbcd3c0
davila7,2025-10-01 18:49:11+00:00,b7c9eb199074a96acd3287c921480a038ce935f0
davila7,2025-09-29 20:45:15+00:00,e191239ac41e4002898a80e48a3015eca40d36ff
davila7,2025-09-27 16:56:15+00:00,0618618287c8269c089e1c2ab8576a4ece527c4c
davila7,2025-09-26 17:19:35+00:00,8951c0e5e64efba7089e64d6e30661397234439b
davila7,2025-09-26 15:58:20+00:00,3a6d35709a9d6946d8bb5eea781d935a3d185206
davila7,2025-09-24 15:24:34+00:00,22c2aad0d75f4c46a6755ee943d42cc7b1b02d19
davila7,2025-09-24 15:22:27+00:00,6bff5036fd4944ee0a0193b3ff03188bd25dfd14
davila7,2025-09-24 15:21:22+00:00,346ce3e2cb42015bc3659142db6352fb384b9b8a
davila7,2025-09-20 16:39:56+00:00,b7c2de7776ed967409017060b819288411996edd
davila7,2025-09-19 23:36:35+00:00,8a292aacb6e08f1eba700f7c5836180763adec6a
davila7,2025-09-19 23:27:28+00:00,a0454fe4363baa035477a5be8b6a78a6245cb945
davila7,2025-09-19 15:14:46+00:00,e429063c8b683e44be78e08c2273b7bfe994b1c9
davila7,2025-09-18 18:41:22+00:00,9ea6f6dfbcbdc273f2b45886bac81993672196ec
andrelandgraf,2025-09-18 18:24:38+00:00,32bb96ebfeb3884070dbdfe3de8d1ad5aa465ee6
davila7,2025-09-18 14:39:11+00:00,787f9875b791d067f8dbc80c69a33429628b73ef
davila7,2025-09-18 13:04:54+00:00,017050c72999a57c25b8acd1f3b4d3a5b03454eb
davila7,2025-09-15 19:57:31+00:00,c02f7a56045dd0f7c828344d168c9452493d8a97
davila7,2025-09-15 19:35:53+00:00,bd05a9a0d54f84f0752c86c5dcf4ba1d88ca1d04
davila7,2025-09-15 19:25:43+00:00,ec988e449af442b3b30536e67bf803c8c5e9335b
davila7,2025-09-15 19:17:14+00:00,aa8212cf73a634110426a8fd666faeb029391250
davila7,2025-09-15 18:55:00+00:00,b6f667b838c515b3ad2fd5f6188bc71347a1dc4c
davila7,2025-09-13 14:13:51+00:00,6925700bb3500a28d9aaa94d502bbf6c4f17854f
davila7,2025-09-12 21:11:44+00:00,d0e56c97e78d50de95f6c2f2267d4ecb5f8e7664
davila7,2025-09-12 19:37:54+00:00,fc2396d3fc94c7c1f09419b6c544045f41ea43c2
davila7,2025-09-11 19:00:39+00:00,5f8bc802374d0049e4f6c12b9123353d396dc403
davila7,2025-09-11 18:03:37+00:00,bdb92f1af27eca7f932fdf1ac826a1298860c5ab
duanbiao2000,2025-09-11 14:05:42+00:00,e6bf6cf49542d700c1f66d1dc2ad555db028e9d3
davila7,2025-09-11 03:34:49+00:00,0ef12f7fc8064f5a19a720b06d01d39da137b1db
davila7,2025-09-10 23:41:25+00:00,aa329c6682dc2b2a5753cd5c8c99f1dbba3ef16a
davila7,2025-09-10 21:58:34+00:00,68f86cfbac095c01929fc589fc96431bcdfdad2f
davila7,2025-09-10 21:55:25+00:00,cb54b6ff5a9015873daf7c7924f9797110654364
davila7,2025-09-10 21:51:31+00:00,a78e77f8dd531377fdeefc309defaaa71428341a
davila7,2025-09-10 21:45:44+00:00,fe692628988f406a0f4fe9f44ff90714802e5707
davila7,2025-09-10 21:41:32+00:00,0bdfeb11132337c3f50bbe7949524e2d2a13ca92
davila7,2025-09-10 21:38:21+00:00,2844cf8022420f01e2a59361ef54eb690e906374
davila7,2025-09-10 21:28:15+00:00,7c4006766aa7541a4e2d9c99267b539e0bd401a3
davila7,2025-09-10 21:23:42+00:00,a6b9226cc0c128e92e4a3761e6530f2877beb969
davila7,2025-09-10 21:07:04+00:00,a3c0187e55c1ada98fa41b3377f951ba6bb78bef
davila7,2025-09-07 21:54:49+00:00,840138efe4a1674de02c021e93f8a9d845c17b59
davila7,2025-09-07 21:39:35+00:00,4a8f09faff4878fdfd53853e28dd4aef92dd591a
davila7,2025-09-07 21:25:28+00:00,7cc2d82df1093b23fe3ab084f5ef4898d406a6cb
davila7,2025-09-07 21:18:20+00:00,2b94c4a8f12e8d62a716a2e81326537499b31455
davila7,2025-09-07 21:13:04+00:00,22defa982ffb75f100d08c7d13056de4ce4265b9
davila7,2025-09-07 21:07:32+00:00,0795392d9192026611070f50aea79d825bcc9d46
davila7,2025-09-07 20:57:17+00:00,df8cc605139e0fd0eacda79321c57756ac53e91a
davila7,2025-09-07 20:51:42+00:00,17f1930f27fb41289824edb4afc0660141aed4d7
davila7,2025-09-07 20:48:05+00:00,cda97be9f6a5f7ee8b142f7017df3aca74cc66b4
davila7,2025-09-07 20:40:37+00:00,eeb7d482412ce69ce5882442bc2b18c70c12bcca
davila7,2025-09-07 20:36:51+00:00,82ed16aba01e0a098317f5179a579e4d777f3d49
davila7,2025-09-07 20:28:30+00:00,49d37e64cba9d553b44908ff6232ac603dfc0d2f
davila7,2025-09-07 20:25:32+00:00,98ecceeed397de695dc3e2aeb5bf99b0386d22de
davila7,2025-09-07 20:01:31+00:00,6dcb1ec4c4e9383807db1944480a1bb0d4c21b07
davila7,2025-09-07 19:44:35+00:00,7fdc2e778248430fb3954060344436d94a713108
davila7,2025-09-07 19:39:15+00:00,6f56132b0ed2e547f1753408f810122abf3d319a
davila7,2025-09-07 15:20:32+00:00,846f42241ddca021a5ec3b970579f639aceeb871
davila7,2025-09-07 15:10:26+00:00,1caddd7fe6a1c1c1303610d0cf8b9874f1c5577a
davila7,2025-09-07 00:23:07+00:00,fa0cc5ea077b52dfcd42bfcd4a5731ebd0974c67
davila7,2025-09-07 00:15:14+00:00,149de06cd4c4283f663a93d274656cb1b463b3df
davila7,2025-09-07 00:12:20+00:00,3f97e11efd2bbed0b2ca0c75f7875599d77558fb
davila7,2025-09-07 00:09:15+00:00,4d911106d72fece34861fe107da7509b2d019f72
davila7,2025-09-07 00:07:23+00:00,777b3db79e0bac6d5d7ab74e4c51e0b430e605ef
davila7,2025-09-06 23:57:03+00:00,e0accf5e7ec7030897173c8ee73c2d58d1ffbda1
davila7,2025-09-06 23:50:01+00:00,68c4a464ac1fb29bd4e2a46b6bb12ff66708f2fb
davila7,2025-09-06 23:41:55+00:00,2c276c6fa18f5022bc02531c8c9c5c229b7a1f85
davila7,2025-09-06 23:38:46+00:00,f8a815a8661f1a5ae956901be243c4497c570a46
davila7,2025-09-06 23:31:24+00:00,f17debf682a9597aada9629eff4be79b6d0095d1
davila7,2025-09-06 19:56:38+00:00,49513876fd14b1223a923d99417e831d632f105f
davila7,2025-09-06 19:46:14+00:00,d6c81ff7c53fa5015b090b3fd09631c3fdabe68c
davila7,2025-09-06 18:21:05+00:00,73ca5836e5b740353590153c7fe0dba6316460c5
davila7,2025-09-06 17:40:24+00:00,7ed71b4a65869ca0ccc40947854be59a0c779f40
davila7,2025-09-06 17:33:23+00:00,9510d479b54cc960bc2a2ac408c1058c421344a3
davila7,2025-09-05 12:20:23+00:00,39b8b1f4f23a5b60b1192d4083e08f9092412d4f
davila7,2025-09-05 01:50:38+00:00,7855c476ba0b7ee3bc15b74d4eedc763be8af2f5
davila7,2025-09-05 01:36:19+00:00,1ec2031ae7dd42860719ca554ae27d0866386c0e
davila7,2025-09-05 01:00:21+00:00,7d98c360460f4e4ff0b72fde780c9a2ef47620df
davila7,2025-09-05 00:38:38+00:00,44063b036fff3f9258f598caa8921dd11ceabe5d
davila7,2025-09-04 21:27:36+00:00,198c36288ff4b87b49cc568ddef848de3054dc5f
davila7,2025-09-04 18:20:38+00:00,983c774b71de0445cb461598544cabb141aba2aa
davila7,2025-09-04 18:15:39+00:00,9833640d2e68c5f17c22c57dc84807142e2f39f3
davila7,2025-09-04 17:50:53+00:00,8ec8fb819ec50c578174255507febd0ed99a9ec5
davila7,2025-09-04 16:20:29+00:00,de73b1eb4fe1e702c5b502a3b8f06859b69ddbcf
davila7,2025-09-04 16:17:38+00:00,1e9debfb836ab6ba4b76c90ffb4c6c97eefaee99
davila7,2025-09-04 16:14:08+00:00,589c7a47a91d9b1208329b6c535ec6ba7d153061
davila7,2025-09-04 16:07:43+00:00,5659ca083682b96d50b115b63483df787e7609b3
davila7,2025-09-04 15:37:33+00:00,587ae2e66e429547d8e1bd5e5d45a19ba7f1a2b9
davila7,2025-09-04 15:31:20+00:00,d7cc99e945db6a020c34a46f3d1443b9f49fa3ac
davila7,2025-09-04 15:13:42+00:00,3f5400acc705b015c0144d54ed6881e172f0c800
davila7,2025-09-03 14:18:27+00:00,4d3e2521d13f8b19393cb1a7052040aab5ae5f3a
davila7,2025-09-03 13:01:17+00:00,a6efceb6f8c24cd31cf9106e6a1034471e06516c
davila7,2025-09-02 15:51:38+00:00,d51072672d664910cce130833b6a9c7c69e3655d
davila7,2025-09-02 13:40:03+00:00,cf1d9146240849b577b9d860d858f758f59a9be1
davila7,2025-09-02 13:20:49+00:00,62357c87dde59698702312ba0744b565ff5db01d
davila7,2025-09-02 13:15:15+00:00,41042d499f697d9053643764ed482fa0bc9dd516
davila7,2025-09-01 18:57:09+00:00,5f47678ecb2ba0cfdc28a8d6b4450b7a34618338
davila7,2025-09-01 18:47:13+00:00,75eed8e8deadb3f4d2194d274d2369e701fe7b1f
davila7,2025-08-31 22:35:52+00:00,eb19e71952b13e1e37541597363eeaa1f33dc1f8
davila7,2025-08-28 21:18:16+00:00,1c6323d29640c05833980bafd9b124da83b6b392
davila7,2025-08-28 20:01:32+00:00,732949d9d8d20e6f7cd3ec8583e37fc647e6743c
davila7,2025-08-28 19:42:02+00:00,df29131c86ce8d1d45a707b75d4a57dcb92b1237
davila7,2025-08-28 17:43:38+00:00,a491e2547947c8e7cd08d3df44424cc15ed8788d
davila7,2025-08-28 04:01:41+00:00,af7d311d722e996b05acdc2d1edb9269c4668c64
davila7,2025-08-28 03:53:13+00:00,3a88de9e45507ea30e4ac5bebe0112fe35f3f6b4
davila7,2025-08-28 03:35:24+00:00,e48f61e6209b79ea278590802a4ef55fbe4409dc
davila7,2025-08-28 03:34:22+00:00,bf43cd68a4890d39bb01990aeead5fdf66fadf6f
davila7,2025-08-28 03:29:36+00:00,7ad9eca19752d17cfcc03026e4201478c24f97a4
davila7,2025-08-27 22:13:48+00:00,593cb4b955f8e5712c10a389156a68c17a5aa8da
davila7,2025-08-27 22:01:29+00:00,4f7048b0e615975cbc75c475f3d1714a3f0de06b
davila7,2025-08-27 21:55:12+00:00,616c8b2de55aab44d68598e6cbaa6b2a4a5b9ec9
davila7,2025-08-27 18:44:59+00:00,82a3855a05b8ea00fac0fdbb8a926da14290b13c
davila7,2025-08-27 15:40:10+00:00,2a94d09f868c7eaee6b7668da32968f82e83cf0a
davila7,2025-08-27 00:21:31+00:00,4828eccc2246829e5e6bd4f0dfa3985d348b2df0
davila7,2025-08-26 00:24:59+00:00,2552fa978b3154cc41e8393641d30b6f18bea8a2
davila7,2025-08-26 00:15:05+00:00,aa7fbf3151494ffb3d471cee8ce919fdafadc604
davila7,2025-08-26 00:07:11+00:00,72057758f89380127ee142ccc38b00e3cbed25b2
davila7,2025-08-24 18:43:10+00:00,1aed3e19007ad421a11040eba63ac61a82e9c38f
davila7,2025-08-24 18:06:38+00:00,91f6fad0248c51f04c901f62e078361c47e0d439
davila7,2025-08-24 18:06:14+00:00,12c3728326ba07f899b00418207055156b41cb12
davila7,2025-08-24 17:33:56+00:00,7b07567e9771f350ddb42edaea1e87b949cbcf55
davila7,2025-08-24 16:48:50+00:00,1ac0a73a51368085cf08288dcb2637ffb5735f44
davila7,2025-08-24 16:12:34+00:00,c81cdd69b179bdb14e446839e000ba99f510854f
davila7,2025-08-24 16:01:28+00:00,bd4b000b4e8efe7ae7ddc193e6a8c63125eac93f
davila7,2025-08-24 00:20:46+00:00,b7f0dda353a03c03e28152d9ab61b239626a10a3
davila7,2025-08-24 00:20:04+00:00,f84d0b1af1687fb23cf21747c1a108ce2096ba59
davila7,2025-08-23 19:51:32+00:00,137d03018bc843849194a85fb42c3851e6125c0a
davila7,2025-08-23 19:51:03+00:00,e2c81aa6f6d79a45d307d24834dcab4d028bd786
0xRaghu,2025-08-23 00:17:16+00:00,183eb17831a99f798e9459b536ea056dceb058e5
kimgyurae,2025-08-23 00:15:54+00:00,55014448e4a4468fd451041e089e9ec58d460018
davila7,2025-08-23 00:13:18+00:00,036eb107ef9bc8b1f2ccf52cc460ab2ce87aef3f
davila7,2025-08-23 00:12:30+00:00,80d1449b17f8989b986511339de1f1f2d9fd3db8
davila7,2025-08-22 23:22:15+00:00,378f5533f09a3fe00b6c332946f210d755d1b3f6
davila7,2025-08-22 23:21:49+00:00,3ee918b9c5cd05ff5366a509eb05b468ac3fb5a1
davila7,2025-08-22 22:25:35+00:00,6eb9288ab8078b613c0a47833d879d62244e275e
davila7,2025-08-22 22:25:14+00:00,08280f579b811f3dd4b0562b7032f630f2a0bcfc
davila7,2025-08-22 17:51:19+00:00,c757102a39ae03bfb9e602019d1f68af3e28056a
davila7,2025-08-22 17:50:58+00:00,7b2dd6029d6f064325804227e3dfbc52368dd932
davila7,2025-08-22 17:32:48+00:00,bfe72c14ee79cc258c7467920410727ab5427713
davila7,2025-08-22 17:32:39+00:00,e2e33e70ba3995dc96289fecf810d8b008a05d50
davila7,2025-08-22 01:21:40+00:00,66aac1ce0e5670b7a511f8994bc1897cc93c6f6e
davila7,2025-08-22 01:21:08+00:00,f3589bccec9521d3ecb9ea800cdbf4b743e2df8d
davila7,2025-08-20 16:58:30+00:00,fd35940a4a02b7de1d9f1479dcfa703c9f501af8
davila7,2025-08-20 16:56:49+00:00,a176679fad745467cf78420e4da58462f18e7eab
davila7,2025-08-19 22:15:53+00:00,786982f9826475059ede76ef00b167cdcb1ca38d
davila7,2025-08-19 21:51:23+00:00,de459cf9566b0eb5c7fbb51993966e798323aa25
davila7,2025-08-19 21:26:20+00:00,17bf4b481223887c309ce21c3d1589250abdb80f
davila7,2025-08-19 19:43:16+00:00,564e8378084a0ece570aefff14747f4977a2d271
davila7,2025-08-19 19:41:48+00:00,50acf5676af74b8a472deb2d142ae5d1bcfc332b
davila7,2025-08-19 19:15:50+00:00,79b47207dbadeca31985b742322147dc184df78e
davila7,2025-08-19 19:13:57+00:00,477edf1c221e0eeb11e2c0fabd71b9bbb19ad677
davila7,2025-08-19 19:11:04+00:00,d9a6c19b770da6f19808a2f69bd67738d3a5ef4b
davila7,2025-08-19 19:03:40+00:00,77539b998212820aea433df7bee9a0514a208a8f
davila7,2025-08-19 18:37:53+00:00,54666aac920a76372bd88ef48c22bb4171cc3413
davila7,2025-08-19 18:37:12+00:00,0e6ded1a4ce6a3799defc921b1072a33b19c1fe1
davila7,2025-08-19 18:32:37+00:00,d6fc02b52fa12d7afb7662d31690f75da7228273
davila7,2025-08-19 18:17:34+00:00,b5f5c49ec8e3a0f15e7c3db9aea77f46249623b0
davila7,2025-08-19 12:09:54+00:00,f546cd77a406726721c16df9e20542e78e988a36
davila7,2025-08-19 11:31:35+00:00,6201418bc0cf5f400a3417ca30b9781ef96b1325
davila7,2025-08-18 14:44:07+00:00,bb8bc0c491e0b789235fe3f886ac458dfa5c4448
davila7,2025-08-18 14:43:43+00:00,8cd91e2f230738aec0f01411794f6b46cb771002
davila7,2025-08-17 17:45:34+00:00,7a072b2b113cf496f63cbc348d0a6ad1ec4d2a57
davila7,2025-08-17 17:04:39+00:00,2b9fab2e395a60054021d5550e9b930829141983
davila7,2025-08-17 15:39:19+00:00,a8b331183139f32a17dc39acf403816ddf6987d8
davila7,2025-08-17 15:37:24+00:00,857e9e8efd611f2452a1b545bbbd99f777eebb8c
davila7,2025-08-16 22:09:14+00:00,1fbb6bda9d4bb0d1fec3a9b97655023354fb3220
davila7,2025-08-16 22:09:08+00:00,f91a82243257287df2f5ec0b07db0b2e9c201a93
josseed,2025-08-16 22:06:31+00:00,ff86deb8a9e4b4f3804c393d205b0c60163d5836
yaochangyu,2025-08-16 22:02:22+00:00,7f52658a263c34dd319dfbe7e1ba9b778e0a8f5e
federicomoretti,2025-08-16 21:44:01+00:00,52c743cee4da9999aa2cdc65c70f21a10da26037
knoxgraeme,2025-08-16 21:40:49+00:00,45e33bdb814400cc71f36cb84c6971cfcf8a8abd
davila7,2025-08-16 21:26:43+00:00,3cd7b669342402c6a574beace25612a9033ac821
davila7,2025-08-16 17:03:26+00:00,f1f900b9d5320d5d6b2583bc484c0e05a5ebdf38
davila7,2025-08-16 15:30:35+00:00,bb4ebec9e7614f07c7c9945084d5ccabb5317bad
davila7,2025-08-16 15:20:59+00:00,afaa1a99451eb8f5787699e1ab14f07630ce0c1e
davila7,2025-08-16 14:53:38+00:00,de8bba4075358422cf2dcd502c8dbef1681e2daa
davila7,2025-08-16 14:10:26+00:00,603e53d9bd2bf8de2eedded13befe6e92c11edf7
davila7,2025-08-16 00:34:43+00:00,3a0f0d2dc85259ca792c96462cbd6651f456f1ee
davila7,2025-08-16 00:15:09+00:00,2e7edde6de1a5d8825087e1963a40aacaf5de954
davila7,2025-08-16 00:05:07+00:00,75bd23600ccfd4115e66fad0ed236d49b38d437d
davila7,2025-08-16 00:04:34+00:00,339843d73999c084f0171cad4b9574286d0ca95d
davila7,2025-08-15 23:48:05+00:00,990982ffa001129a287cb04d4d2fb7b52aad4f4e
davila7,2025-08-15 19:07:26+00:00,e85f8463ffaaf7252a221c1fefd30ac62dc3facf
davila7,2025-08-15 19:04:34+00:00,e29e018d07de28c54882bec8927319efbd589cdd
davila7,2025-08-15 02:04:00+00:00,d915b7585595c67943f44c2c460f35b9c9dcdf53
davila7,2025-08-15 02:02:21+00:00,a5976433ac629b25230e412e6ffaffd58b0d0689
davila7,2025-08-15 01:32:12+00:00,f02232e008c0b964c8a1537107eeafe30b48fb30
davila7,2025-08-15 01:22:20+00:00,903734fd73f3d30fd80ec0557c48d550f668b336
davila7,2025-08-15 01:15:43+00:00,9c59450469c9ca3fee18ce7d9bb2864e41a766f6
davila7,2025-08-15 00:57:36+00:00,c88a23f94e942a12fe4b1f6bf7b73ec3f7156216
davila7,2025-08-14 18:11:23+00:00,11c9db450046b89814a785539a2a5a33e4fa244e
davila7,2025-08-14 16:05:08+00:00,c26bcd5417328eaa2c77bf7df6367ad60574ea02
davila7,2025-08-14 15:45:20+00:00,24bea545cf349c4de15d036a02cab7b28af559ac
davila7,2025-08-14 15:43:26+00:00,e7ba2c51bf6582751d11d1073d6d2348250bf159
davila7,2025-08-14 15:41:16+00:00,a5c904b3e5b5f0ce6596d44c689483fdb5157d3c
davila7,2025-08-14 15:17:17+00:00,21e0e9ce758aa75a9170f36bb3385e946fcd18da
davila7,2025-08-14 15:02:27+00:00,1553545466a23eebbbbeace07556cda888fd796d
davila7,2025-08-14 13:02:01+00:00,3e71914d397f55d635e1d46b1836ac6d383e2171
davila7,2025-08-14 12:40:01+00:00,77a581c5001d56a08e50aa940804dea2c2306425
davila7,2025-08-14 12:14:04+00:00,e5177fbe277d835ae10cb0d9758b50ac3904ce25
davila7,2025-08-14 11:54:41+00:00,384c8915fa7076cfaa0980d55af477799ba34348
davila7,2025-08-14 11:53:23+00:00,0b7a48c2fa47ff838a7147c8191de6ffcb47620d
davila7,2025-08-14 11:52:08+00:00,c98ce4ec6e86f5aede2d2ed01f194ce405e6a83f
davila7,2025-08-14 03:02:02+00:00,e5b1d1d443ff7345afd4c9b2e74e08f044cc5c94
davila7,2025-08-14 03:01:16+00:00,362ea869f79385f12a2337d333b36acf195e96ed
davila7,2025-08-14 02:58:19+00:00,affcee3635b848c5c9a9f2d8785afb07ad025cf2
davila7,2025-08-14 02:51:15+00:00,bea1cd00d4312ea9cbdec64541614c472824bf10
davila7,2025-08-14 02:31:36+00:00,b71937d0b887df0f6c6d2d8576f95c27f93fa3e8
davila7,2025-08-14 02:26:53+00:00,c4618b0e4d33cb6c59e6e8bc933c4fad95bf8775
davila7,2025-08-14 02:11:02+00:00,fd4d1ce3b832b2b4026241224ee5548c375d0cdc
davila7,2025-08-14 02:08:14+00:00,85f7615305ddc10b0ad3f65b49b76bc90e152497
davila7,2025-08-09 15:07:01+00:00,4bfb26626e09aba00931a04deb79a5e0ee232759
davila7,2025-08-09 13:44:52+00:00,76517a45d981d20a175c6d53b85bcee49f8d2e94
davila7,2025-08-09 13:41:01+00:00,50979a01b1e0633ad3007c7dd7e8d5ac4f5d552a
davila7,2025-08-09 13:39:52+00:00,82be179f61cdabb379425c3c57809771171cf2af
davila7,2025-08-09 13:39:25+00:00,afbea28eaa22842142fb6be45a38d735e6fc4737
davila7,2025-08-09 13:29:39+00:00,c8edbf0957203734a30b39268f82a203b0831200
davila7,2025-08-08 18:32:48+00:00,32df3af4e3b116e5b90c013dce1dd776bc154399
davila7,2025-08-08 16:57:40+00:00,cd6b220ba735a892406365cd51dcab93edea4311
davila7,2025-08-07 16:49:50+00:00,8788f4ea7af0e6ccae2a7eca06d9ec0b283363c3
davila7,2025-08-07 16:02:59+00:00,ddbeb768aba2c3ca52a2410330686e4db12f0915
davila7,2025-08-07 15:47:05+00:00,0edcd751e30ea90208d43c6624522f99ec1bdfa7
davila7,2025-08-07 15:45:26+00:00,4f0af61608f9e2f2bd3873f2fdf1f72cc537188a
davila7,2025-08-07 15:40:40+00:00,e0478718363447169cf3a75c6333e20ba288abe7
davila7,2025-08-06 18:12:17+00:00,22149b058b464cc598a5d8717b7233bb2d0f34f7
davila7,2025-08-06 18:06:37+00:00,bf01176647da47affde280e2fae1addd24adf89f
davila7,2025-08-06 17:57:26+00:00,e66651c0c3ae109d81f47ae2fcb7ba876a086887
davila7,2025-08-06 14:53:15+00:00,6fa212115ac527d728de7740890bf207cda6400c
davila7,2025-08-06 14:31:48+00:00,c583d9f228f589091f180b0d72333c2b3bbad719
davila7,2025-08-06 14:20:29+00:00,93b4960f4949edfe621907c94d08695e67dc95c5
davila7,2025-08-06 12:52:18+00:00,66be089cb71ced4102ff592725f2d0d8206f1eea
davila7,2025-08-05 08:10:32+00:00,1c01a28cc0f7856d4836ec0c14758d4de2a1659c
davila7,2025-08-04 22:49:19+00:00,4059c65153fd79e1f5fd793a6cef0eb857418474
davila7,2025-08-04 22:36:13+00:00,d0d3ea0c7feb70435d4542d26944cbff7218fb95
davila7,2025-08-04 20:42:42+00:00,aa1e6b6a98d8469feaba44cf4b7d690245b78837
davila7,2025-08-04 20:21:47+00:00,29584fcbb6e385ad0100b6ffbdcd3412731d67e5
davila7,2025-08-04 18:58:32+00:00,921d55efb53d732527bf511d031081f11a16e643
davila7,2025-08-04 17:55:52+00:00,4b0953fdcd2ea6878e802c07584f22f903c07ce0
davila7,2025-08-04 14:46:06+00:00,6e81d4f2db9b28b9d76275be90baf39b283ad99d
davila7,2025-08-04 14:37:23+00:00,180e6de05f97e17b61c5a5e1972d3a5d2cc44b6a
davila7,2025-08-04 14:34:08+00:00,53c1ddc0545e033889604e8598f2c129e3c530a3
davila7,2025-08-04 14:19:46+00:00,317e9d602b4600abe4f8c6d6f7e8cb7525a59c24
davila7,2025-08-04 13:45:01+00:00,ec5ba6b488ad36d9d7ea32cb3ab5fd9a92b831b7
davila7,2025-08-04 13:37:46+00:00,8c0a027e7b9767bc6a9b88a5b7eab7420cc47b32
davila7,2025-08-04 13:03:21+00:00,64e028bcd9bc2490ce323f90f357b3b9ef1a683f
davila7,2025-08-04 13:00:21+00:00,f0ef2bbc803066fa00e0e52c05e23739c27e8b2d
davila7,2025-08-04 12:59:03+00:00,95409bfd5be8db4623bc531c486f8bf11e1b8c2c
davila7,2025-08-04 12:53:46+00:00,290718ee61d28c99dfe59953d8792c27d287a53c
davila7,2025-08-04 00:01:04+00:00,e9b18ba38e9e9abb35381aa3ad3baaa7497ca5ac
davila7,2025-08-03 23:59:20+00:00,36714d2d8b336cb65ed93adc0735d0dfd68293ea
davila7,2025-08-03 17:51:21+00:00,9bdf08e94e4ab5be9515748df7e0eb090f17e690
davila7,2025-08-03 17:45:16+00:00,0025773bd3e2ea43261941a34ece458d916f1c0c
davila7,2025-08-03 17:38:14+00:00,d27cb05bdbad9a3fd5476c8021b5b6b01e69caa3
davila7,2025-08-03 14:04:10+00:00,10939ddd36d4a5b5083d913504f20147436c4e4a
davila7,2025-08-03 13:56:19+00:00,a58aebe3c53fd6aa8353ea28b738acd1f89b657a
davila7,2025-08-03 13:50:07+00:00,e80f72cd8f48b2e9d1f099f60b345836275edc34
davila7,2025-08-03 13:22:39+00:00,9940d043f247ab53b16d911f72de4fd26db611ae
davila7,2025-08-03 12:57:15+00:00,04f58e3cda52d8c2cd5eb5ac2524f3e97b02e1e3
davila7,2025-08-03 12:51:47+00:00,48d334eb5cc866bc202f42548bbd049f7c36e09e
davila7,2025-08-01 21:26:36+00:00,63b1168dbf2bca33b0dad5b70f0c6f902e5a950f
github-actions[bot],2025-08-01 17:29:47+00:00,134aa1f6180224b0a998842b226922cbc3723493
davila7,2025-08-01 16:09:18+00:00,11a0c937153c2eb9c729861f186c6075b9d9351d
Cam10001110101,2025-08-01 15:58:10+00:00,5526642382f3541c6425cd59490478ea90630063
davila7,2025-08-01 15:13:17+00:00,9e665f343c502e6b15d7ec8066a225450cc5df28
davila7,2025-08-01 13:07:25+00:00,880066726d23401c7c2da4afeb643a28f71c4707
davila7,2025-08-01 13:04:35+00:00,5386eb009fbe2b336b6845eb085515b0c822906a
github-actions[bot],2025-08-01 12:59:01+00:00,38a509ba7c70dad7e818df6c1de556938532449f
davila7,2025-08-01 12:57:21+00:00,c3527821021821180dbba408bb8df6cf82bb62d7
davila7,2025-08-01 12:56:03+00:00,d9aac6b0dfb86904e58b936ef61f1f505a08c938
davila7,2025-08-01 12:49:40+00:00,1e8b0be89df46f08f221151ca70cea36f5a12f46
davila7,2025-08-01 10:37:19+00:00,9c3b80599ea2f937c4c4daec2471af87ed68caae
davila7,2025-08-01 10:27:49+00:00,c11c7452cffaba3871272d1236ff6d3008d6fac5
davila7,2025-08-01 10:25:50+00:00,6e3299bddd635601501c7811d87ab4c82fb42d59
davila7,2025-08-01 01:02:15+00:00,ce931a6ab0db47c31d6b49a32a93ea22bc6cd65c
davila7,2025-08-01 00:17:25+00:00,fa64d1b7c38350882a557f14b8e685489ac83194
davila7,2025-08-01 00:15:31+00:00,8b8e8c1ddbfa74ef3c2b36bb0289d84936ea7466
davila7,2025-08-01 00:10:13+00:00,74e12af0d2dfc796d6eac348f6ee7631da55622a
davila7,2025-08-01 00:06:28+00:00,537c07a0ea08439863f4b2b742d5e5a8dc471314
davila7,2025-07-31 23:50:10+00:00,947b68fcfc93d8b7d96d139ceb63f4516a8d8a11
davila7,2025-07-31 23:46:01+00:00,40630e439b5e41c9e877be4e3d8396d48e9219a8
davila7,2025-07-31 23:40:56+00:00,792515b211881b3f430267fca8a306bbcbbeba8a
davila7,2025-07-31 23:31:49+00:00,3159f525fc17e29d7352ee4e0f52e90e818f117f
davila7,2025-07-31 23:24:14+00:00,4e8608572531059628ecd9b7b1d2e2bd883caeb9
github-actions[bot],2025-07-31 23:08:40+00:00,15d08194267dfbda122ee5a7f8457395072aea19
davila7,2025-07-31 22:59:16+00:00,54abe60522657a85a4bd686ddae56b664bd0407c
davila7,2025-07-31 22:37:44+00:00,56646d0497dbde3f1f1cc00f8b59f8e3540e95bc
davila7,2025-07-31 22:28:14+00:00,fb26d50f808a2b9472a4dcdfbc5cd450d4699541
davila7,2025-07-31 22:15:27+00:00,7e54411fd383132240233197abcf31e8766051f1
davila7,2025-07-31 21:53:48+00:00,a8c71576ca6fb5be5c71be7bc0883e5f95f2cc9d
davila7,2025-07-31 21:45:46+00:00,ac6a13b6cbdd3ffa4064d233ade75d763f19f9ad
github-actions[bot],2025-07-31 21:34:29+00:00,d9d75ff86543c8f32132d2aa313db2b48bf0cf0e
davila7,2025-07-31 21:29:34+00:00,fa873d907595f636ab60fc269f5d384b6f79dfa0
davila7,2025-07-31 21:27:21+00:00,b6dbc95b84fb8ee4c801250edb95c91c74286915
davila7,2025-07-31 21:27:06+00:00,9914e3606c40d84303eb23703ed0757c50d8b354
github-actions[bot],2025-07-31 21:25:41+00:00,73b07c043038c236656d1e8d723b6b74a4b6bdcb
davila7,2025-07-31 21:15:03+00:00,cf3fe394c24299315b4edf48d623f546d1465176
davila7,2025-07-31 21:10:25+00:00,4c76fe3abacaf874f8d5f556ed2f3f46a84dc659
davila7,2025-07-31 17:35:02+00:00,67b75cbd57a550bf6bb7567c61380e4f10ada6eb
davila7,2025-07-31 17:23:29+00:00,96921b702f133d134b49a139b5f5f5fc3cada079
davila7,2025-07-31 17:19:18+00:00,d9832ff2d998554555cb5bd630372556f5f9f27d
davila7,2025-07-31 17:11:17+00:00,936dd417d48f0be948bdf28693f162bc93cae240
davila7,2025-07-31 16:44:38+00:00,ae7ab15d62bb3c65791e148872f6558a03d1d82e
davila7,2025-07-31 12:57:48+00:00,0a5810271041d9245fdf19ffecced5567bb75185
davila7,2025-07-31 12:41:57+00:00,201cd4c2bf04e2bdd10281898c0d1f655c1122ac
davila7,2025-07-31 00:36:06+00:00,38143ccc4cff8d0c990303d654bc354314235a40
davila7,2025-07-31 00:34:17+00:00,83b5602cf835c533f2cde148fd207db10c722158
davila7,2025-07-31 00:06:25+00:00,62321e9212c6fa0ee973737e7895e7bd7c4278c7
davila7,2025-07-30 23:50:16+00:00,0e674ca0ca629219a92d036f6bf592bcc524c70d
davila7,2025-07-30 23:45:27+00:00,221862f40a4b01abbc5a4068b08912ac172041fe
davila7,2025-07-30 23:39:49+00:00,dd001d37799329a4bc18bd63a39972a66743945a
davila7,2025-07-30 23:39:02+00:00,ae6d77a91d93373687e13cd1f849826ab19371d4
davila7,2025-07-30 19:13:43+00:00,2fac0de3f8dc653f346d592cc4c158fa8542bfa4
davila7,2025-07-30 19:10:55+00:00,2587605ae10359308cbe0e9febbb0f25cb85b464
davila7,2025-07-30 19:10:41+00:00,171310d22a2b542d6b458b27359e952c46f5de33
davila7,2025-07-30 16:16:14+00:00,f442a2d5473c736f7edad5a368770a3046e98b21
davila7,2025-07-30 15:04:24+00:00,5422e19c746f7c6b7d2f377a9c6119f3eac275c9
davila7,2025-07-30 15:03:52+00:00,0ead21fdba9ddace0ff590f8e30843d842b84377
aliargun,2025-07-30 14:56:47+00:00,9d45abca39f9daf28b5b427acf1dec66e27c0344
Mohatje,2025-07-30 13:56:18+00:00,855d485e0db0a38969809b10f844cc8e585d9e66
davila7,2025-07-29 18:22:36+00:00,b0209b1209d41b0d1c58611e0762cbf24333fe44
davila7,2025-07-29 18:09:39+00:00,8426d7c0f6ed029b9a0a2e34c6f13fb3c8d98d77
davila7,2025-07-29 17:58:59+00:00,c09b8fc0a6f50539dbf9de72ba4c75852aba4fa1
davila7,2025-07-29 17:55:04+00:00,aad91824a91ff8d69d8471982403505011536811
davila7,2025-07-29 13:54:47+00:00,76810b3fe4f015da846ff25e7ce2aeee091dddd2
davila7,2025-07-28 23:29:06+00:00,03f9be889bb969f81043522fffda7960b7b7c11b
davila7,2025-07-28 20:52:31+00:00,6a21447bafa3f6d8234596d16feeb46470981052
davila7,2025-07-28 20:45:14+00:00,441940264ea3873ab8086c3f690b6385e3570b99
davila7,2025-07-28 19:28:10+00:00,b27ae0dc5ccfbc2262c566d05b589394dc584a9e
davila7,2025-07-26 15:11:44+00:00,0166c71f13e76f6aec38254eb449b1afc202a4aa
davila7,2025-07-26 02:25:20+00:00,f2e6bb292bc5d25c03a7aa64e1a5611e0ac50c28
davila7,2025-07-26 02:16:01+00:00,c80f5b6da4f9056526f3b2ac823297152c29bd82
davila7,2025-07-26 02:09:50+00:00,dc1afd84c8a77a3d45e8103588708c57d9510b7b
davila7,2025-07-26 02:02:24+00:00,d63cb3c19a7bbc37a544dc1e8382fd88060e7204
davila7,2025-07-26 01:50:46+00:00,350b11d74ac50c0fd67454d4c4ee5aa0d2d6a9d1
davila7,2025-07-22 23:56:41+00:00,d3779f0928ffb9a2948539f01bded9adc0b09d90
davila7,2025-07-22 23:55:58+00:00,4f3a010b42fca8c434d9b9206ee97e14d00885e1
davila7,2025-07-22 23:37:51+00:00,e2f79bcd39106dbf13fc46d99af9b17e9e37b3e6
davila7,2025-07-22 23:31:11+00:00,4fa14a6a44a6c06f271dcd441c51082767c68911
davila7,2025-07-19 12:46:30+00:00,911963bf92aefb47ab310a975ec31bfe250435fb
davila7,2025-07-19 12:42:22+00:00,1e1b0f3117207c30e9bc7f81b684050afcc16a5c
davila7,2025-07-19 12:28:32+00:00,db131a25b16c7ba3c32640272be6aab18b2de811
davila7,2025-07-19 12:26:55+00:00,618b368de76f05c332c0852b3b008bec74d2d169
davila7,2025-07-19 12:20:30+00:00,7909cf4a79e83d22d4df8938bd779b364141a47a
davila7,2025-07-19 12:17:27+00:00,dfd0c63ddce6fd8eaf8cb83b393c685f7128f201
davila7,2025-07-19 12:15:11+00:00,b1b75de0a59421300f6a63347ad450805605bd6c
davila7,2025-07-19 12:15:00+00:00,b4fa7023bccc9e3130f9e7208b4f7ac5fb21882c
davila7,2025-07-19 01:13:41+00:00,07990f5c63d00dfcb15a3d0a24e44f83aa12825e
davila7,2025-07-19 01:08:40+00:00,2e5c23eabcf51da2719f1df2597fee43586ea180
davila7,2025-07-19 01:01:47+00:00,8cc25158816ca489d8c711bcdaaa1ead73bb2f90
davila7,2025-07-19 00:23:01+00:00,041e7f42b6bfd5b1128aa0f8d35eebb5ccde149f
davila7,2025-07-19 00:08:28+00:00,9ddc84dc22a23eceb1f1f96ddc762f695fea26bb
davila7,2025-07-18 23:43:07+00:00,0d5b691852cd6b7004571f99a5a9db07dd158be3
davila7,2025-07-18 22:58:53+00:00,af83b061b8aa98a485df39efabbf67cb277f01f1
neonwatty,2025-07-18 16:16:22+00:00,388afba5f9c726f64f2051c8456bd0050319be89
davila7,2025-07-18 14:44:13+00:00,11049e40d71bb9c504b6339f3c9307dcd97f93a8
davila7,2025-07-18 14:29:34+00:00,dfa5250191eb70652aa5a184420e776eb1a55611
davila7,2025-07-18 14:28:56+00:00,d45a3de92dcec40dc81f67d386a9cb186546a0e8
davila7,2025-07-16 23:49:23+00:00,2204af29dad475ee5d84f153857e6a299a7dee98
davila7,2025-07-16 23:45:50+00:00,bd25ef670800fa878dd92f794084dd028f77a0ec
davila7,2025-07-16 23:44:55+00:00,6806e9bc309cd7a065c8ed0cdbbfa6b4e010664b
davila7,2025-07-16 19:59:42+00:00,cda0b8abedcea01afbb7e3f619ce3280dec21255
davila7,2025-07-16 19:12:28+00:00,e95ac8ae73367afb87fc60ad566c259c3bf2c0da
davila7,2025-07-16 18:16:06+00:00,2b4d600b373303b1ad3e6d861c7012bd92b7d54b
davila7,2025-07-16 13:29:19+00:00,06cf7da6ae87096abeee2c0d8bf8c119eecc9e8e
davila7,2025-07-16 13:28:36+00:00,8b8cf9827d16de8fd2628a7e01d4164f0a9cca74
davila7,2025-07-15 23:10:38+00:00,ffb2387a858f6b5301bd294b9fe540e8d108e2e3
davila7,2025-07-15 23:08:04+00:00,cff33ed13074593051c55269041c91aa0d7577fe
davila7,2025-07-15 23:03:09+00:00,c20a09cfe8109eec7b629e1fdef402a7e2fccf7a
davila7,2025-07-15 22:03:47+00:00,c33b61bb18af35c7b4e452cffddba281729d8d23
davila7,2025-07-15 18:18:09+00:00,8e23f08d6d167d3b0177cdd5a4177943c36afea2
davila7,2025-07-14 14:39:14+00:00,72bcfe441fe5452979e20d5940d93742f6871043
davila7,2025-07-12 01:50:36+00:00,d51a565a2a8c926d36618cd26f1b943bae780e49
davila7,2025-07-15 01:48:26+00:00,8d77b3abb6608ceedaa3d2227b4276843546c705
davila7,2025-07-12 01:42:29+00:00,3dbeaec2e07a41f9d1d232666e36ad831e0ede52
davila7,2025-07-12 01:15:37+00:00,96be4c8603fb07cf38b3e634773cf3a6436e9b10
davila7,2025-07-12 00:31:44+00:00,68314d055808fc6d24c2df7f8d866ef37908c083
davila7,2025-07-12 00:27:46+00:00,966fddcd2856b0f22791e7474bf4248d8dd3134e
davila7,2025-07-11 16:42:04+00:00,05c4307cf78864e135f217160a405384389e48e9
davila7,2025-07-11 16:36:32+00:00,9b459fab351ed5af20730ea08fb38203ba196b89
davila7,2025-07-11 16:29:26+00:00,713135545da47dd2489ef2e742b48e852f1786b3
davila7,2025-07-11 16:26:55+00:00,a93a86634fa4da52e222732a251b8e16f6cf3798
davila7,2025-07-11 16:23:03+00:00,c1299c7570a82b4c8e87735373f056bab32d6d78
davila7,2025-07-11 14:22:50+00:00,ab05eb5cc2b299f45b2efd4839ad4d5f8bd0ee62
davila7,2025-07-11 14:21:41+00:00,1310a9203afbfb3c5756f0a641ce83c16d319c48
davila7,2025-07-11 14:08:44+00:00,22483bccc9afb99e3ea5f374311c1a2f5b2a52e8
davila7,2025-07-11 14:01:42+00:00,71b24b0feb7c024eee70029651abfa643ec35877
davila7,2025-07-11 13:57:05+00:00,a08d617b27687e4869665f2b92f53d941b74bbb1
davila7,2025-07-11 13:44:49+00:00,4bde102a693226d59467d3c9bb595048abdac0f6
davila7,2025-07-11 02:25:20+00:00,83868f8ccb3a1ee218ad954a6de19e3a30b1e355
davila7,2025-07-11 02:22:17+00:00,3bac9f53d463a455e4e81a8ae430c79e24e464e8
davila7,2025-07-11 02:13:44+00:00,897bc750ee871b65b3719223efb5ac6abc957cad
davila7,2025-07-11 02:06:19+00:00,8a470e4ceae03b7ae54f04129f1c8a6de855c943
davila7,2025-07-11 01:57:54+00:00,d0c1f0799efcc7b30c6637b8fd636c445bfce831
davila7,2025-07-11 01:55:52+00:00,d7c1191c02ac121cf9da0ebe78988865ae05690d
davila7,2025-07-11 01:55:04+00:00,2c6cac07d1a05d752a168654f6001ef9cf7cd9a0
davila7,2025-07-11 00:31:41+00:00,8abb8d5a4b9878b285d039db24c844592539c055
davila7,2025-07-10 20:58:29+00:00,0974d13b2372bf109a816eb4a76c84ec7b5dc939
davila7,2025-07-10 20:41:38+00:00,b5123393ee1813af623fc32e538116979a29494b
davila7,2025-07-10 19:13:55+00:00,d6a8d25b5a4c93287d43ca29515708b782451d08
davila7,2025-07-10 18:39:42+00:00,1e583c9a07db152fe636e407b729e9340c48f207
davila7,2025-07-10 18:28:43+00:00,48aa5ccb53df15f72eab326d2b105a31b561a41e
davila7,2025-07-10 18:19:58+00:00,b1caacf39d3b57aa04ab2cfa7c3abbbe6db918ae
davila7,2025-07-10 18:08:40+00:00,96becc83b6aa2e48ba491797540fd0ced9111d66
davila7,2025-07-10 17:09:48+00:00,fb665bb4f59e9694ea446ff68efb693fceb7be24
davila7,2025-07-10 17:01:26+00:00,ca922ebbdf540a2b1a92b75139acaf158dcf859f
davila7,2025-07-09 23:34:41+00:00,3bcc595287a8e1ec6368bb4a8a2d6f31aad88a2d
davila7,2025-07-09 21:18:15+00:00,c2d53ebd015c15ed6d73d5d3b524207038aaa3bf
davila7,2025-07-09 21:09:37+00:00,c0f7b921c8c8bff641803ce639b04df36e8a2cc7
davila7,2025-07-09 20:47:17+00:00,10eb5ef7f450810f675422ea2510bde1581d5c59
davila7,2025-07-09 20:43:21+00:00,91edf25760ab5657653b8f7f98eaccfc37841376
davila7,2025-07-09 20:30:24+00:00,3edd714383534744d9e44ac5e7e8690006d618f6
davila7,2025-07-09 20:19:40+00:00,cabf65d513f5da6d4c43523c1fd20d5332795106
davila7,2025-07-09 18:53:54+00:00,14109069b2832ee802c8ac259f73d37d5eff933c
davila7,2025-07-08 23:03:57+00:00,8e9bbbfa25ee9999616d724bb69141b41c496478
davila7,2025-07-08 16:39:28+00:00,837651c0333bbb1d834f97c7016fce784a072def
davila7,2025-07-08 15:04:09+00:00,e1aec514cdc72f8c15b6668a3d7ce24efbbf1e27
davila7,2025-07-08 14:46:45+00:00,8ca974d401ccd072e9e23ed245eb6b5b9dedd0d2
davila7,2025-07-08 14:33:21+00:00,e271e9d399c4dd242f3f684152a7de52f9548e87
davila7,2025-07-08 13:48:11+00:00,2559af016a6652fe8b0441019a28cdf31b4333c0
davila7,2025-07-08 13:38:56+00:00,cc134f09b6911d78e13f7996693c9f9d598b5aa8
davila7,2025-07-07 14:12:14+00:00,ecbbcb821f46281a2b108a72e2c8745425c4f397
davila7,2025-07-07 14:08:14+00:00,e5524e18e193537fb2967119caf7009b084747ab
davila7,2025-07-07 14:06:51+00:00,c994a4b55df26939662d2448c17a79b7b4953199
davila7,2025-07-07 14:04:34+00:00,dd856641955a2842a28418d6627acbe1809e1c82
davila7,2025-07-07 13:37:41+00:00,b1cd3e672764d454321c3811ad578560612c7170
davila7,2025-07-07 13:34:41+00:00,bf2be58f284eb6f42e922a2b4bbe981bd780e43c
davila7,2025-07-07 13:25:52+00:00,d6faaf39c8a6fcd0265c33c7d5984e2ffe7f5f14
davila7,2025-07-07 13:19:33+00:00,26fa2c1e93ff704366086c3b7f1537e2b67d19a9
davila7,2025-07-07 13:15:19+00:00,51afd883ea42cfe985765b0399947b2eb790fdca
davila7,2025-07-07 13:08:13+00:00,6354e063b3c603a44ecb9956001ea60659147aeb
davila7,2025-07-07 13:07:47+00:00,1d046cb91153c9f6009446f1bfd143d71005a30c
davila7,2025-07-07 12:55:08+00:00,32229e36e687d1f095b1e08be468bb5def91e697
davila7,2025-07-07 12:54:19+00:00,35fa34a71e342a16ed7aaa4d818199e3b9f18ad0
davila7,2025-07-07 12:32:52+00:00,510f7691d104ad1ebcf0bac57e0315c70619b7a3
davila7,2025-07-07 12:28:01+00:00,97135ec48a7ba7025c1da4cb0dc3dfcfff28e9ea
davila7,2025-07-06 14:34:06+00:00,07587171fb1a327163db5585d968094d7d4ac164
davila7,2025-07-06 14:27:18+00:00,91cb4d527fcbcf0603b93a264b127ba40e833afb
davila7,2025-07-06 13:06:59+00:00,39e2c599e8ca398c972a7f7f8510b8f30503c3cf
davila7,2025-07-06 13:02:42+00:00,f6b7b95ce3cdcd6bf0b2a7529ae75264e0c4e216
davila7,2025-07-06 13:02:23+00:00,9e97b396666c8884a00f811741d5f8a9c7038070
davila7,2025-07-06 12:59:57+00:00,d761d97f5a69453cfecd40731d944efc88579aa0
davila7,2025-07-06 12:59:40+00:00,1d9eafa3f2f526256dd1f17b55789d85ad75fefc
davila7,2025-07-06 12:56:08+00:00,c37b7765893a869c0bde17465d6a20f289197631
davila7,2025-07-06 12:55:39+00:00,42032ae370c78608271dcd6ef101b0793aa219aa
davila7,2025-07-06 12:55:24+00:00,f486faba034762939775be0e8a4034e5b4f6c5c3
davila7,2025-07-06 12:31:49+00:00,3ac07e81cea3011f2557a961c83c455a71731236
davila7,2025-07-06 12:31:05+00:00,4c0b1a6e911acd74772466df3e399030d6d6d33b
davila7,2025-07-06 12:30:27+00:00,6148076bc25b4daa91da6a8865a0b6ee6d792caa
davila7,2025-07-04 19:58:04+00:00,ef6bc89e59acdbc9e0da48ee92abe9c576897644
davila7,2025-07-04 19:57:54+00:00,ef6c1a314cde7b932c28d2d32299207ea6c2bd4b
davila7,2025-07-04 19:52:37+00:00,d0805ee4f5b9f5c8aff0c749ca7fa5a919403f68
davila7,2025-07-04 19:51:55+00:00,b7ae75ed8e179c280d873e2fe32d76e0ade274d5
davila7,2025-07-04 19:47:45+00:00,b3160bed7472a165fdf29bd11211d6779c97cc9a
davila7,2025-07-04 19:47:09+00:00,d2d3a13c62acd2eae54352a8b087f83601783a97
davila7,2025-07-04 03:21:35+00:00,e1e041bdc8f84338bda3cdbb0312a1221cb31af7
davila7,2025-07-04 03:15:42+00:00,d28d88133b624276ef494738d73a07646ca326e9
davila7,2025-07-04 03:11:30+00:00,fd6b3d66a0c71c32fc3a8cd5a57d10c57492b0be
davila7,2025-07-04 03:07:56+00:00,043bae5218be885bad77297c525b82844bfc0bc6
davila7,2025-07-04 01:35:24+00:00,6099ef14e6ef32b2b3cc96fabacf15190a2b9d82
